jurisdiction,year,total_evictions,months_reported,total_population,evictions_per_1000,count_black,count_hispanic,count_white,count_asian,count_native,count_pacific,count_other,count_multiracial,percent_black,percent_hispanic,percent_white,percent_asian,percent_native,percent_pacific,percent_other,percent_multiracial,is_complete_year,data_completeness
Mecklenburg,2020,16621,12,1000331,16.615500269410827,344243,148351,507637,100,0,0,0,0,31.5,13.6,46.4,0.7,0,0,0,0,true,100.0%
Mecklenburg,2021,17650,12,1085096,16.26584191629128,349838,152925,512279,70054,0,0,0,0,31.5,13.8,46.1,6.3,0,0,0,0,true,100.0%
Mecklenburg,2022,32948,12,1102566,29.883018340852157,355577,156095,516550,74344,0,0,0,0,31.5,13.8,45.8,6.6,0,0,0,0,true,100.0%
Mecklenburg,2023,18086,6,1095149,16.514647778521464,355517,158351,508257,73024,0,0,0,0,31.7,14.1,45.3,6.5,0,0,0,0,false,50.0%
Wake,2020,9040,12,984438,9.182904357613175,218080,112797,653485,76,0,0,0,0,20,10.3,59.8,0.4,0,0,0,0,true,100.0%
Wake,2021,9596,12,1085377,8.841167631154889,222192,115531,662234,85420,0,0,0,0,20,10.4,59.6,7.7,0,0,0,0,true,100.0%
Wake,2022,15527,12,1104075,14.06335620315649,224084,117123,671183,91685,0,0,0,0,19.8,10.3,59.3,8.1,0,0,0,0,true,100.0%
Wake,2023,10937,6,1120561,9.760289712028172,228374,120466,676444,95277,0,0,0,0,19.9,10.5,58.8,8.3,0,0,0,0,false,50.0%
Guilford,2020,8125,12,492264,16.505371101685277,182350,43496,265975,443,0,0,0,0,34.2,8.2,49.8,0.9,0,0,0,0,true,100.0%
Guilford,2021,8143,12,523497,15.55500795611054,184696,45191,265292,28318,0,0,0,0,34.4,8.4,49.4,5.3,0,0,0,0,true,100.0%
Guilford,2022,15348,12,526432,29.154762628411646,187364,46500,263136,29432,0,0,0,0,34.7,8.6,48.7,5.4,0,0,0,0,true,100.0%
Guilford,2023,8693,6,527847,16.468787356942446,189869,48247,259977,29754,0,0,0,0,35,8.9,47.9,5.5,0,0,0,0,false,50.0%
Forsyth,2020,4914,12,362065,13.572148647342328,97867,49428,214299,471,0,0,0,0,25.8,13,56.5,0.7,0,0,0,0,true,100.0%
Forsyth,2021,4871,12,374392,13.010427573238744,98623,50828,215155,9786,0,0,0,0,25.8,13.3,56.3,2.6,0,0,0,0,true,100.0%
Forsyth,2022,9723,12,375670,25.881757925839167,99196,52007,214211,10256,0,0,0,0,25.8,13.5,55.8,2.7,0,0,0,0,true,100.0%
Forsyth,2023,5282,6,376923,14.013472247647398,100076,53774,212677,10396,0,0,0,0,26,13.9,55.2,2.7,0,0,0,0,false,50.0%
Cumberland,2020,5156,12,304655,16.924061643498383,123373,39430,141651,201,0,0,0,0,37.1,11.9,42.6,0.7,0,0,0,0,true,100.0%
Cumberland,2021,4954,12,316622,15.646417494678197,124839,40572,142107,9104,0,0,0,0,37.2,12.1,42.4,2.7,0,0,0,0,true,100.0%
Cumberland,2022,8217,12,316810,25.936681291625895,126288,41625,139754,9143,0,0,0,0,37.5,12.4,41.5,2.7,0,0,0,0,true,100.0%
Cumberland,2023,4329,6,315428,13.724209645307328,126643,42466,137315,9004,0,0,0,0,37.7,12.7,40.9,2.7,0,0,0,0,false,50.0%
Durham,2020,3859,12,292506,13.192891769741475,113927,43428,134987,164,0,0,0,0,36,13.7,42.6,0.3,0,0,0,0,true,100.0%
Durham,2021,3117,12,314155,9.921853861947127,114467,43928,138175,17585,0,0,0,0,35.6,13.7,43,5.5,0,0,0,0,true,100.0%
Durham,2022,6716,12,319412,21.0261355240254,114528,44737,141597,18550,0,0,0,0,35,13.7,43.3,5.7,0,0,0,0,true,100.0%
Durham,2023,3476,6,318043,10.929339743368034,112954,45013,141691,18385,0,0,0,0,34.6,13.8,43.4,5.6,0,0,0,0,false,50.0%
Pitt,2020,2989,12,172320,17.345636025998143,62987,11420,97777,136,0,0,0,0,35,6.3,54.3,0.7,0,0,0,0,true,100.0%
Pitt,2021,2007,12,176819,11.350590151510866,63525,11730,97722,3842,0,0,0,0,35.1,6.5,54.1,2.1,0,0,0,0,true,100.0%
Pitt,2022,5628,12,178875,31.463312368972748,64725,12138,98243,3769,0,0,0,0,35.4,6.6,53.7,2.1,0,0,0,0,true,100.0%
Pitt,2023,2819,6,168173,16.76250052029755,61457,11817,91369,3530,0,0,0,0,35.7,6.9,53.1,2.1,0,0,0,0,false,50.0%
Gaston,2020,2684,12,214190,12.530930482282086,37921,16180,160046,43,0,0,0,0,17,7.3,71.8,0.4,0,0,0,0,true,100.0%
Gaston,2021,2505,12,219257,11.424948804371127,38879,17014,159710,3654,0,0,0,0,17.3,7.6,71.1,1.6,0,0,0,0,true,100.0%
Gaston,2022,3786,12,221110,17.12269910904075,40109,17819,159337,3845,0,0,0,0,17.7,7.9,70.3,1.7,0,0,0,0,true,100.0%
Gaston,2023,2374,6,225074,10.547642108817545,42358,19269,159418,4029,0,0,0,0,18.3,8.3,69.1,1.7,0,0,0,0,false,50.0%
Cabarrus,2020,1802,12,198036,9.099355672705972,38046,22786,136604,600,0,0,0,0,18,10.8,64.6,0.7,0,0,0,0,true,100.0%
Cabarrus,2021,1801,12,211666,8.50868821634084,40180,24034,137189,10263,0,0,0,0,18.6,11.1,63.4,4.7,0,0,0,0,true,100.0%
Cabarrus,2022,3667,12,216295,16.95369749647472,42497,24944,137256,11598,0,0,0,0,19.2,11.3,62,5.2,0,0,0,0,true,100.0%
Cabarrus,2023,2053,6,225851,9.09006380312684,46189,27043,139332,13287,0,0,0,0,20,11.7,60.2,5.7,0,0,0,0,false,50.0%
Nash,2020,2294,10,94716,24.219772794459224,38013,6658,46418,3627,0,0,0,0,40.4,7.1,49.4,1.6,0,0,0,0,false,83.3%
Nash,2021,1167,12,92283,12.645882773641949,38298,6940,46140,905,0,0,0,0,40.6,7.4,48.9,1,0,0,0,0,true,100.0%
Nash,2022,3224,12,92793,34.744000086213404,39080,7052,45614,1047,0,0,0,0,41.2,7.4,48.1,1.1,0,0,0,0,true,100.0%
Nash,2023,1903,6,93050,20.451370231058572,39382,7379,45188,1101,0,0,0,0,41.4,7.8,47.5,1.2,0,0,0,0,false,50.0%
Alamance,2020,1608,12,160480,10.019940179461615,33111,21499,105484,386,0,0,0,0,19.9,12.9,63.4,1,0,0,0,0,true,100.0%
Alamance,2021,1282,12,165854,7.72968996828536,34090,22130,106676,2958,0,0,0,0,20.1,13.1,62.9,1.7,0,0,0,0,true,100.0%
Alamance,2022,2790,12,167662,16.64062220419654,35367,22699,106377,3219,0,0,0,0,20.6,13.2,62.1,1.9,0,0,0,0,true,100.0%
Alamance,2023,1507,6,169986,8.865435977080464,36578,23821,106240,3347,0,0,0,0,21,13.7,61.1,1.9,0,0,0,0,false,50.0%
New Hanover,2020,1820,12,223504,8.143030997208104,30748,13024,179674,58,0,0,0,0,13.2,5.6,77.4,0.3,0,0,0,0,true,100.0%
New Hanover,2021,1823,12,229245,7.952190887478462,30400,13610,181550,3685,0,0,0,0,13,5.8,77.4,1.6,0,0,0,0,true,100.0%
New Hanover,2022,2985,12,231116,12.915592170165631,30090,14188,183254,3584,0,0,0,0,12.7,6,77.4,1.5,0,0,0,0,true,100.0%
New Hanover,2023,1528,6,223540,6.835465688467389,28823,14257,176952,3508,0,0,0,0,12.6,6.2,77.3,1.5,0,0,0,0,false,50.0%
Edgecombe,2020,1375,12,60880,22.585413929040737,29763,2482,18868,9767,0,0,0,0,57.2,4.8,36.3,2.6,0,0,0,0,true,100.0%
Edgecombe,2021,605,12,50730,11.925882121032918,29463,2553,18549,165,0,0,0,0,57.2,5,36,0.3,0,0,0,0,true,100.0%
Edgecombe,2022,2233,12,50048,44.617167519181585,28964,2695,18213,176,0,0,0,0,57,5.3,35.8,0.3,0,0,0,0,true,100.0%
Edgecombe,2023,1354,6,47554,28.47289397316735,27467,2699,17208,180,0,0,0,0,56.8,5.6,35.6,0.4,0,0,0,0,false,50.0%
Buncombe,2020,1202,12,252678,4.75704256009625,15624,17326,216363,3365,0,0,0,0,6,6.7,83.5,3.7,0,0,0,0,true,100.0%
Buncombe,2021,1110,12,254969,4.353470421894427,15666,17870,217716,3717,0,0,0,0,6,6.8,83.4,1.4,0,0,0,0,true,100.0%
Buncombe,2022,2054,12,257134,7.988052921822863,15589,18364,219328,3853,0,0,0,0,5.9,7,83.2,1.5,0,0,0,0,true,100.0%
Buncombe,2023,1302,6,264809,4.9167513188751135,16095,19508,225222,3984,0,0,0,0,5.9,7.2,82.9,1.5,0,0,0,0,false,50.0%
Wilson,2020,1737,12,79404,21.875472268399577,32153,8793,38278,180,0,0,0,0,39.5,10.8,47,0.5,0,0,0,0,true,100.0%
Wilson,2021,980,12,80510,12.172400943982115,32350,8819,38317,1024,0,0,0,0,39.5,10.8,46.8,1.3,0,0,0,0,true,100.0%
Wilson,2022,2375,12,80525,29.49394597950947,32377,8978,38147,1023,0,0,0,0,39.5,11,46.5,1.2,0,0,0,0,true,100.0%
Wilson,2023,1384,6,76871,18.004188835841866,30901,8930,36067,973,0,0,0,0,39.4,11.4,46,1.2,0,0,0,0,false,50.0%
Iredell,2020,1156,12,170662,6.773622716246147,21039,13935,135235,453,0,0,0,0,11.8,7.8,75.8,1,0,0,0,0,true,100.0%
Iredell,2021,881,12,178178,4.944493708538652,21490,14603,137085,5000,0,0,0,0,11.8,8,75.4,2.8,0,0,0,0,true,100.0%
Iredell,2022,1645,12,181805,9.04815599130937,21879,15147,139538,5241,0,0,0,0,11.8,8.2,75.1,2.8,0,0,0,0,true,100.0%
Iredell,2023,1166,6,187715,6.211544096103135,22804,16354,143300,5257,0,0,0,0,11.9,8.5,74.6,2.7,0,0,0,0,false,50.0%
Robeson,2020,1304,12,76131,17.128370834482666,30625,11874,33023,609,0,0,0,0,23.2,9,25,0.7,0,0,0,0,true,100.0%
Robeson,2021,1218,12,75228,16.190780028712716,30027,12048,32290,863,0,0,0,0,23,9.2,24.7,0.7,0,0,0,0,true,100.0%
Robeson,2022,2605,12,74468,34.98146855024977,29934,11960,31718,856,0,0,0,0,23,9.2,24.4,0.7,0,0,0,0,true,100.0%
Robeson,2023,1149,6,64867,17.713166941588174,26180,10852,27092,743,0,0,0,0,22.5,9.3,23.3,0.6,0,0,0,0,false,50.0%
Rowan,2020,1084,12,137472,7.88524208566108,22779,12997,101224,472,0,0,0,0,16.1,9.2,71.7,0.7,0,0,0,0,true,100.0%
Rowan,2021,1035,12,139548,7.416802820534869,23001,13400,101394,1753,0,0,0,0,16.2,9.4,71.4,1.2,0,0,0,0,true,100.0%
Rowan,2022,1712,12,139717,12.253340681520504,23069,13721,101293,1634,0,0,0,0,16.2,9.6,71.1,1.1,0,0,0,0,true,100.0%
Rowan,2023,859,6,145138,5.91850514682578,24308,14896,104191,1743,0,0,0,0,16.4,10.1,70.3,1.2,0,0,0,0,false,50.0%
Wayne,2020,1059,12,119259,8.879832968580986,38201,15212,65442,404,0,0,0,0,31,12.3,53.1,0.6,0,0,0,0,true,100.0%
Wayne,2021,706,12,120277,5.8697839154618086,38372,15327,64930,1648,0,0,0,0,31.2,12.4,52.7,1.3,0,0,0,0,true,100.0%
Wayne,2022,1794,12,120792,14.851976952116035,38675,15842,64628,1647,0,0,0,0,31.2,12.8,52.1,1.3,0,0,0,0,true,100.0%
Wayne,2023,987,6,113672,8.682877049757197,36410,15491,60222,1549,0,0,0,0,31.2,13.3,51.5,1.3,0,0,0,0,false,50.0%
Johnston,2020,1008,12,196699,5.1245812129192325,32092,28310,136250,47,0,0,0,0,15.8,14,67.2,0.5,0,0,0,0,true,100.0%
Johnston,2021,976,12,204962,4.761858295684077,33627,29475,139888,1972,0,0,0,0,16.1,14.1,66.8,0.9,0,0,0,0,true,100.0%
Johnston,2022,1769,12,211530,8.362879969744245,35384,31057,142931,2158,0,0,0,0,16.4,14.4,66.1,1,0,0,0,0,true,100.0%
Johnston,2023,896,6,221308,4.048656171489508,38661,33742,146485,2420,0,0,0,0,17.1,14.9,64.7,1.1,0,0,0,0,false,50.0%
Onslow,2020,1078,12,196810,5.477363955083583,29184,25261,130276,12089,0,0,0,0,14.8,12.8,65.9,8.3,0,0,0,0,true,100.0%
Onslow,2021,782,12,189101,4.13535623820075,29029,25521,130099,4452,0,0,0,0,14.7,12.9,65.7,2.2,0,0,0,0,true,100.0%
Onslow,2022,1499,12,194712,7.698549652820576,29126,26934,134073,4579,0,0,0,0,14.3,13.2,65.7,2.2,0,0,0,0,true,100.0%
Onslow,2023,841,6,196593,4.277873576373524,29544,27635,134836,4578,0,0,0,0,14.3,13.4,65.4,2.2,0,0,0,0,false,50.0%
Vance,2020,1042,12,125937,8.273978258970756,22523,3555,17476,82383,0,0,0,0,50.5,8,39.2,7.5,0,0,0,0,true,100.0%
Vance,2021,633,12,43874,14.427679263345034,22516,3675,17348,335,0,0,0,0,50.6,8.3,39,0.8,0,0,0,0,true,100.0%
Vance,2022,1303,12,44029,29.594131140838993,22695,3771,17173,390,0,0,0,0,50.8,8.4,38.4,0.9,0,0,0,0,true,100.0%
Vance,2023,789,6,41489,19.01708886692858,21496,3656,15953,384,0,0,0,0,51,8.7,37.8,0.9,0,0,0,0,false,50.0%
Cleveland,2020,1010,11,95227,10.606235626450482,20162,3572,71158,335,0,0,0,0,20.6,3.7,72.9,0.6,0,0,0,0,false,91.7%
Cleveland,2021,796,12,96157,8.278128477385943,20168,3690,71268,1031,0,0,0,0,20.6,3.8,72.8,1.1,0,0,0,0,true,100.0%
Cleveland,2022,1285,12,97100,13.233779608650876,20503,4000,71491,1106,0,0,0,0,20.7,4,72.2,1.1,0,0,0,0,true,100.0%
Cleveland,2023,711,6,98389,7.226417587331917,20734,4368,72130,1157,0,0,0,0,20.7,4.4,71.9,1.2,0,0,0,0,false,50.0%
Davidson,2020,1259,12,161159,7.812160661210358,15816,12182,132803,358,0,0,0,0,9.5,7.3,79.7,0.8,0,0,0,0,true,100.0%
Davidson,2021,1104,12,164401,6.715287619904989,16183,12450,133051,2717,0,0,0,0,9.7,7.4,79.4,1.6,0,0,0,0,true,100.0%
Davidson,2022,1595,12,165944,9.61167622812515,16530,13083,133335,2996,0,0,0,0,9.8,7.7,78.8,1.8,0,0,0,0,true,100.0%
Davidson,2023,796,6,167164,4.761790816204446,16959,13731,133409,3065,0,0,0,0,9.9,8,78.2,1.8,0,0,0,0,false,50.0%
Union,2020,710,12,223824,3.1721352491243118,27539,26958,168967,360,0,0,0,0,11.7,11.4,71.6,0.8,0,0,0,0,true,100.0%
Union,2021,664,12,235122,2.824065804135725,28434,27515,170503,8670,0,0,0,0,11.9,11.5,71.1,3.6,0,0,0,0,true,100.0%
Union,2022,988,12,239558,4.124262182853422,28785,28623,172572,9578,0,0,0,0,11.8,11.7,70.6,3.9,0,0,0,0,true,100.0%
Union,2023,664,6,238430,2.7848844524598415,28868,29340,169971,10251,0,0,0,0,11.8,12,69.8,4.2,0,0,0,0,false,50.0%
Lenoir,2020,1081,12,55290,19.551455959486344,22909,4220,27535,626,0,0,0,0,40.9,7.5,49.2,0.7,0,0,0,0,true,100.0%
Lenoir,2021,942,12,55041,17.114514634545156,22839,4422,27367,413,0,0,0,0,40.8,7.9,48.9,0.7,0,0,0,0,true,100.0%
Lenoir,2022,1341,12,54789,24.475715928379785,22787,4504,27093,405,0,0,0,0,40.9,8.1,48.6,0.7,0,0,0,0,true,100.0%
Lenoir,2023,673,6,53731,12.525357800897062,22362,4632,26318,419,0,0,0,0,40.9,8.5,48.1,0.8,0,0,0,0,false,50.0%
Orange,2020,506,12,130382,3.880903805740056,16619,12583,101106,74,0,0,0,0,11.4,8.6,69.2,0.6,0,0,0,0,true,100.0%
Orange,2021,430,12,144822,2.969162143873169,16820,12816,103220,11966,0,0,0,0,11.3,8.6,69.5,8.1,0,0,0,0,true,100.0%
Orange,2022,825,12,145184,5.682444346484461,16736,12853,103610,11985,0,0,0,0,11.2,8.6,69.5,8,0,0,0,0,true,100.0%
Orange,2023,667,6,144913,4.602761656994196,16912,13047,103138,11816,0,0,0,0,11.4,8.8,69.3,7.9,0,0,0,0,false,50.0%
Catawba,2020,915,11,150225,6.0908637044433345,13454,15748,119443,1580,0,0,0,0,8.5,9.9,75.3,2.2,0,0,0,0,false,91.7%
Catawba,2021,934,12,156404,5.971714278407203,13510,16175,119524,7195,0,0,0,0,8.5,10.1,74.9,4.5,0,0,0,0,true,100.0%
Catawba,2022,1348,12,157010,8.585440417807783,13483,16551,119250,7726,0,0,0,0,8.4,10.3,74.4,4.8,0,0,0,0,true,100.0%
Catawba,2023,690,6,158242,4.360410004929159,13642,17054,119727,7819,0,0,0,0,8.4,10.5,74,4.8,0,0,0,0,false,50.0%
Harnett,2020,632,12,127793,4.94549779721894,28021,17464,81962,346,0,0,0,0,20.9,13,61.1,0.6,0,0,0,0,true,100.0%
Harnett,2021,574,12,130695,4.391904816557634,28286,18178,82487,1744,0,0,0,0,20.8,13.4,60.7,1.3,0,0,0,0,true,100.0%
Harnett,2022,863,12,131765,6.549538951921982,28766,18607,82573,1819,0,0,0,0,21,13.6,60.2,1.3,0,0,0,0,true,100.0%
Harnett,2023,459,6,130528,3.516486884040206,28773,19004,81021,1730,0,0,0,0,21.2,14,59.6,1.3,0,0,0,0,false,50.0%
Brunswick,2020,450,12,136347,3.300402649123193,13699,6664,112265,3719,0,0,0,0,10,4.9,82.1,1.4,0,0,0,0,true,100.0%
Brunswick,2021,378,12,139592,2.7078915697174626,13918,7042,117562,1070,0,0,0,0,9.7,4.9,82.3,0.7,0,0,0,0,true,100.0%
Brunswick,2022,590,12,145749,4.0480552182176215,14054,7396,123148,1151,0,0,0,0,9.4,5,82.6,0.8,0,0,0,0,true,100.0%
Brunswick,2023,338,6,140828,2.4000908910159913,13264,7415,118959,1190,0,0,0,0,9.2,5.1,82.5,0.8,0,0,0,0,false,50.0%
Rockingham,2020,623,12,89892,6.93053886886486,16834,5661,65607,1790,0,0,0,0,18.6,6.2,72.3,1.3,0,0,0,0,true,100.0%
Rockingham,2021,544,12,88958,6.115245396704063,16924,5760,65662,612,0,0,0,0,18.6,6.3,72.1,0.7,0,0,0,0,true,100.0%
Rockingham,2022,968,12,89086,10.86590485598186,16934,5823,65684,645,0,0,0,0,18.6,6.4,72,0.7,0,0,0,0,true,100.0%
Rockingham,2023,449,6,88942,5.048233680375975,17122,5981,65196,643,0,0,0,0,18.8,6.6,71.4,0.7,0,0,0,0,false,50.0%
Randolph,2020,786,12,138997,5.654798304999389,8862,16774,112950,411,0,0,0,0,6.2,11.7,78.8,0.9,0,0,0,0,true,100.0%
Randolph,2021,675,12,140950,4.7889322454771195,8870,17224,112661,2195,0,0,0,0,6.2,12,78.4,1.5,0,0,0,0,true,100.0%
Randolph,2022,1174,12,141728,8.28347256717092,9037,17713,112642,2336,0,0,0,0,6.3,12.3,77.9,1.6,0,0,0,0,true,100.0%
Randolph,2023,568,6,142149,3.995807216371554,9385,18438,111929,2397,0,0,0,0,6.5,12.7,77.1,1.7,0,0,0,0,false,50.0%
Craven,2020,564,11,106078,5.31684232357322,21460,7590,67590,9438,0,0,0,0,20.9,7.4,65.7,2.8,0,0,0,0,false,91.7%
Craven,2021,467,12,98965,4.718839993937251,21204,7770,67005,2986,0,0,0,0,20.8,7.6,65.6,2.9,0,0,0,0,true,100.0%
Craven,2022,863,12,98022,8.80414600803901,20891,7940,66128,3063,0,0,0,0,20.6,7.8,65.3,3,0,0,0,0,true,100.0%
Craven,2023,433,6,97408,4.445220105124836,20501,8018,65851,3038,0,0,0,0,20.4,8,65.4,3,0,0,0,0,false,50.0%
Halifax,2020,463,12,49494,9.354669252838729,26857,1551,19298,1788,0,0,0,0,53.1,3.1,38.2,1.3,0,0,0,0,true,100.0%
Halifax,2021,227,12,47591,4.769809417747053,26593,1558,19013,427,0,0,0,0,53.2,3.1,38,0.9,0,0,0,0,true,100.0%
Halifax,2022,576,12,47090,12.231896368655766,26189,1602,18873,426,0,0,0,0,52.9,3.2,38.1,0.9,0,0,0,0,true,100.0%
Halifax,2023,328,6,45777,7.165170282019354,25494,1636,18227,420,0,0,0,0,52.8,3.4,37.8,0.9,0,0,0,0,false,50.0%
Caldwell,2020,517,12,80217,6.445017888976152,3914,4644,71424,235,0,0,0,0,4.8,5.7,87.1,2.2,0,0,0,0,true,100.0%
Caldwell,2021,522,12,80697,6.468641956950073,3959,4854,71265,619,0,0,0,0,4.8,5.9,86.7,0.8,0,0,0,0,true,100.0%
Caldwell,2022,681,12,80597,8.449446009156668,3973,5001,70986,637,0,0,0,0,4.8,6.1,86.5,0.8,0,0,0,0,true,100.0%
Caldwell,2023,315,6,78937,3.9905240888303335,4042,5191,69049,655,0,0,0,0,5,6.5,85.8,0.8,0,0,0,0,false,50.0%
Franklin,2020,349,12,69312,5.035203139427516,17019,5763,42888,3642,0,0,0,0,25.2,8.5,63.5,1.6,0,0,0,0,true,100.0%
Franklin,2021,314,12,68128,4.608971348050728,17491,6253,43899,485,0,0,0,0,25.1,9,63,0.7,0,0,0,0,true,100.0%
Franklin,2022,520,12,70238,7.403399869016772,17784,6562,45311,581,0,0,0,0,24.7,9.1,63.1,0.8,0,0,0,0,true,100.0%
Franklin,2023,295,6,70071,4.210015555650697,17829,6896,44722,624,0,0,0,0,24.9,9.6,62.4,0.9,0,0,0,0,false,50.0%
Hoke,2020,439,12,47483,9.24541414822147,18457,7451,21532,43,0,0,0,0,33.7,13.6,39.3,0.8,0,0,0,0,true,100.0%
Hoke,2021,350,12,48588,7.203424713921133,18677,7695,21399,817,0,0,0,0,33.8,13.9,38.7,1.5,0,0,0,0,true,100.0%
Hoke,2022,560,12,49289,11.361561403152834,18988,8127,21358,816,0,0,0,0,34,14.6,38.3,1.5,0,0,0,0,true,100.0%
Hoke,2023,287,6,46704,6.145083932853717,18046,7987,19818,853,0,0,0,0,34,15,37.3,1.6,0,0,0,0,false,50.0%
Scotland,2020,239,11,30893,7.736380409801573,13445,1068,15032,1348,0,0,0,0,38.6,3.1,43.2,2.2,0,0,0,0,false,91.7%
Scotland,2021,239,12,29686,8.050933099777673,13408,1150,14807,321,0,0,0,0,38.5,3.3,42.5,0.9,0,0,0,0,true,100.0%
Scotland,2022,473,12,29499,16.03444184548629,13356,1212,14601,330,0,0,0,0,38.6,3.5,42.2,1,0,0,0,0,true,100.0%
Scotland,2023,250,6,28875,8.658008658008658,13191,1258,14093,333,0,0,0,0,38.5,3.7,41.2,1,0,0,0,0,false,50.0%
Person,2020,274,12,42359,6.468519086852853,10559,1757,26105,3938,0,0,0,0,26.7,4.4,66.1,2.2,0,0,0,0,true,100.0%
Person,2021,220,12,38569,5.704062848401566,10444,1785,26172,168,0,0,0,0,26.4,4.5,66.3,0.4,0,0,0,0,true,100.0%
Person,2022,381,12,38936,9.785288678857611,10508,1915,26328,185,0,0,0,0,26.3,4.8,65.9,0.5,0,0,0,0,true,100.0%
Person,2023,233,6,38087,6.117572925145063,10319,1996,25589,183,0,0,0,0,26.4,5.1,65.4,0.5,0,0,0,0,false,50.0%
Richmond,2020,381,12,43357,8.787508360818322,14052,3007,25421,877,0,0,0,0,31.3,6.7,56.6,0.7,0,0,0,0,true,100.0%
Richmond,2021,276,12,42811,6.446941206699213,13998,3052,25321,440,0,0,0,0,31.2,6.8,56.5,1,0,0,0,0,true,100.0%
Richmond,2022,570,12,42284,13.480276227414624,13937,3094,24809,444,0,0,0,0,31.4,7,56,1,0,0,0,0,true,100.0%
Richmond,2023,288,6,40621,7.089928854533369,13430,3135,23595,461,0,0,0,0,31.4,7.3,55.2,1.1,0,0,0,0,false,50.0%
Lincoln,2020,323,12,82122,3.9331725968680744,4525,5999,71232,366,0,0,0,0,5.4,7.2,85,1,0,0,0,0,true,100.0%
Lincoln,2021,345,12,84673,4.074498364295584,4683,6480,72825,685,0,0,0,0,5.4,7.5,84.6,0.8,0,0,0,0,true,100.0%
Lincoln,2022,563,12,86623,6.499428558235111,4731,6451,74679,762,0,0,0,0,5.4,7.3,84.8,0.9,0,0,0,0,true,100.0%
Lincoln,2023,265,6,88103,3.0078430927437205,4967,6947,75329,860,0,0,0,0,5.5,7.7,84,1,0,0,0,0,false,50.0%
Sampson,2020,250,12,61356,4.074581133059522,16027,12993,32024,312,0,0,0,0,25.2,20.4,50.3,0.9,0,0,0,0,true,100.0%
Sampson,2021,289,12,61399,4.7069170507662985,15994,13057,31949,399,0,0,0,0,25.2,20.6,50.3,0.6,0,0,0,0,true,100.0%
Sampson,2022,401,12,61237,6.548328624850988,15774,13332,31723,408,0,0,0,0,24.9,21,50.1,0.6,0,0,0,0,true,100.0%
Sampson,2023,227,6,56865,3.991910665611536,14534,12568,29349,414,0,0,0,0,24.6,21.3,49.8,0.7,0,0,0,0,false,50.0%
Lee,2020,373,12,59713,6.24654597826269,11747,12006,35510,450,0,0,0,0,19.1,19.5,57.8,0.8,0,0,0,0,true,100.0%
Lee,2021,264,12,60409,4.370209736959725,11753,12105,35698,853,0,0,0,0,19,19.6,57.8,1.4,0,0,0,0,true,100.0%
Lee,2022,465,12,60897,7.635844130252722,11593,12465,35881,958,0,0,0,0,18.6,20,57.5,1.5,0,0,0,0,true,100.0%
Lee,2023,220,6,62530,3.518311210618903,11802,13118,36631,979,0,0,0,0,18.4,20.5,57.1,1.5,0,0,0,0,false,50.0%
Henderson,2020,384,12,112990,3.3985308434374724,3702,12112,96996,180,0,0,0,0,3.2,10.4,83.1,0.8,0,0,0,0,true,100.0%
Henderson,2021,454,12,114971,3.9488218768211114,3718,12137,97616,1500,0,0,0,0,3.2,10.3,83.1,1.3,0,0,0,0,true,100.0%
Henderson,2022,589,12,115899,5.0820110613551455,3679,12374,98233,1613,0,0,0,0,3.1,10.4,82.9,1.4,0,0,0,0,true,100.0%
Henderson,2023,257,6,114239,2.2496695524295554,3636,12619,96414,1570,0,0,0,0,3.1,10.8,82.5,1.3,0,0,0,0,false,50.0%
Moore,2020,279,12,95625,2.9176470588235297,11714,6709,76232,970,0,0,0,0,11.9,6.8,77.3,1,0,0,0,0,true,100.0%
Moore,2021,287,12,98235,2.92156563343004,11777,7156,77707,1595,0,0,0,0,11.7,7.1,77,1.6,0,0,0,0,true,100.0%
Moore,2022,366,12,100605,3.6379901595348145,11827,7492,79567,1719,0,0,0,0,11.4,7.2,77,1.7,0,0,0,0,true,100.0%
Moore,2023,194,6,99855,1.9428170847729207,11545,7645,78923,1742,0,0,0,0,11.2,7.4,76.8,1.7,0,0,0,0,false,50.0%
Burke,2020,341,11,94513,3.6079692740681177,6027,5648,73587,9251,0,0,0,0,6.7,6.2,81.4,4.4,0,0,0,0,false,91.7%
Burke,2021,365,12,88731,4.113556705097429,5976,5855,73613,3287,0,0,0,0,6.6,6.5,81.4,3.6,0,0,0,0,true,100.0%
Burke,2022,445,12,88656,5.019400830175059,5869,5954,73450,3383,0,0,0,0,6.5,6.6,81.2,3.7,0,0,0,0,true,100.0%
Burke,2023,227,6,85805,2.6455334770701007,5681,6024,70778,3322,0,0,0,0,6.5,6.9,80.8,3.8,0,0,0,0,false,50.0%
Chatham,2020,170,12,70517,2.4107661982217055,8781,9011,52521,204,0,0,0,0,12,12.3,71.8,0.7,0,0,0,0,true,100.0%
Chatham,2021,169,12,73120,2.311269146608315,8763,9026,53668,1663,0,0,0,0,11.8,12.1,72.1,2.2,0,0,0,0,true,100.0%
Chatham,2022,275,12,74356,3.6984237990209263,8731,9120,54746,1759,0,0,0,0,11.5,12,72.3,2.3,0,0,0,0,true,100.0%
Chatham,2023,156,6,76336,2.0435967302452314,8800,9470,56172,1894,0,0,0,0,11.3,12.2,72.1,2.4,0,0,0,0,false,50.0%
Pasquotank,2020,414,12,38473,10.760793283601487,14194,2257,21601,421,0,0,0,0,35.8,5.7,54.5,0.7,0,0,0,0,true,100.0%
Pasquotank,2021,277,12,38854,7.129253101353786,14290,2300,21634,630,0,0,0,0,35.9,5.8,54.3,1.6,0,0,0,0,true,100.0%
Pasquotank,2022,453,12,39256,11.539637252904013,14332,2492,21866,566,0,0,0,0,35.5,6.2,54.2,1.4,0,0,0,0,true,100.0%
Pasquotank,2023,261,6,39643,6.583760058522311,14425,2575,22079,564,0,0,0,0,35.3,6.3,54.1,1.4,0,0,0,0,false,50.0%
Granville,2020,343,12,58754,5.837900398270756,18843,4916,34868,127,0,0,0,0,31.3,8.2,58,0.6,0,0,0,0,true,100.0%
Granville,2021,256,12,59277,4.31870708706581,18788,5147,34917,425,0,0,0,0,31.1,8.5,57.8,0.7,0,0,0,0,true,100.0%
Granville,2022,394,12,59304,6.643733980844463,18735,5361,34727,481,0,0,0,0,31,8.9,57.4,0.8,0,0,0,0,true,100.0%
Granville,2023,227,6,60711,3.7390258766945035,19152,5871,35173,515,0,0,0,0,30.9,9.5,56.7,0.8,0,0,0,0,false,50.0%
Rutherford,2020,384,12,65395,5.872008563345821,6424,3049,55473,449,0,0,0,0,9.6,4.6,83,0.7,0,0,0,0,true,100.0%
Rutherford,2021,357,12,65569,5.44464609800363,6424,3225,55506,414,0,0,0,0,9.6,4.8,82.8,0.6,0,0,0,0,true,100.0%
Rutherford,2022,451,12,65617,6.873218830486002,6472,3269,55444,432,0,0,0,0,9.6,4.9,82.7,0.6,0,0,0,0,true,100.0%
Rutherford,2023,232,6,63141,3.6743162129202895,6182,3388,53135,436,0,0,0,0,9.6,5.2,82.3,0.7,0,0,0,0,false,50.0%
Duplin,2020,225,11,75195,2.9922202274087373,14250,13355,30192,17398,0,0,0,0,24.2,22.7,51.3,5.5,0,0,0,0,false,91.7%
Duplin,2021,193,12,58089,3.3224879064883197,14182,13517,29950,440,0,0,0,0,24.1,23,51,0.7,0,0,0,0,true,100.0%
Duplin,2022,281,12,58084,4.837821086702018,14148,13607,29867,462,0,0,0,0,24.1,23.1,50.8,0.8,0,0,0,0,true,100.0%
Duplin,2023,141,6,47889,2.944308713900896,11581,11409,24474,425,0,0,0,0,23.9,23.5,50.4,0.9,0,0,0,0,false,50.0%
Anson,2020,180,11,24213,7.4340230454714415,11996,1074,10991,152,0,0,0,0,48.2,4.3,44.2,0.6,0,0,0,0,false,91.7%
Anson,2021,131,12,23962,5.466989399883149,11756,1006,10840,360,0,0,0,0,48.1,4.1,44.3,1.5,0,0,0,0,true,100.0%
Anson,2022,274,12,23620,11.600338696020321,11448,1051,10744,377,0,0,0,0,47.5,4.4,44.6,1.6,0,0,0,0,true,100.0%
Anson,2023,150,6,21578,6.951524701084438,10358,1047,9813,360,0,0,0,0,47,4.7,44.5,1.6,0,0,0,0,false,50.0%
Beaufort,2020,185,11,46294,3.996198211431287,11463,3769,30911,151,0,0,0,0,24.3,8,65.7,0.8,0,0,0,0,false,91.7%
Beaufort,2021,167,12,46298,3.607067259924835,11294,3769,30986,249,0,0,0,0,24,8,65.9,0.5,0,0,0,0,true,100.0%
Beaufort,2022,425,12,46384,9.162642290444982,11054,3931,31140,259,0,0,0,0,23.5,8.4,66.2,0.6,0,0,0,0,true,100.0%
Beaufort,2023,197,6,43701,4.507905997574427,10372,3800,29257,272,0,0,0,0,23.3,8.5,65.8,0.6,0,0,0,0,false,50.0%
Martin,2020,156,12,22717,6.867103930976801,9459,943,11804,511,0,0,0,0,41.7,4.2,52.1,1.1,0,0,0,0,true,100.0%
Martin,2021,119,12,22096,5.385590152063722,9327,916,11732,121,0,0,0,0,41.6,4.1,52.3,0.5,0,0,0,0,true,100.0%
Martin,2022,220,12,21835,10.075566750629722,9179,968,11555,133,0,0,0,0,41.4,4.4,52.1,0.6,0,0,0,0,true,100.0%
Martin,2023,151,6,21389,7.059703585955398,9040,976,11232,141,0,0,0,0,41.6,4.5,51.6,0.6,0,0,0,0,false,50.0%
Warren,2020,132,11,18402,7.173133355070101,10029,753,7575,45,0,0,0,0,50.6,3.8,38.2,0.4,0,0,0,0,false,91.7%
Warren,2021,92,12,18353,5.0128044461395955,9961,773,7532,87,0,0,0,0,50.5,3.9,38.2,0.4,0,0,0,0,true,100.0%
Warren,2022,157,12,18139,8.655383427972877,9760,803,7497,79,0,0,0,0,50,4.1,38.4,0.4,0,0,0,0,true,100.0%
Warren,2023,97,6,17356,5.588845356072828,9270,794,7210,82,0,0,0,0,49.4,4.2,38.4,0.4,0,0,0,0,false,50.0%
Pender,2020,178,12,60521,2.941127872969713,9100,4605,46744,72,0,0,0,0,14.6,7.4,75.2,0.5,0,0,0,0,true,100.0%
Pender,2021,169,12,61729,2.737773169822936,8982,4742,47572,433,0,0,0,0,14.2,7.5,75.4,0.7,0,0,0,0,true,100.0%
Pender,2022,164,12,63252,2.592803389616139,8949,4949,48908,446,0,0,0,0,13.8,7.7,75.6,0.7,0,0,0,0,true,100.0%
Pender,2023,120,6,61357,1.9557670681421844,8313,5023,47583,438,0,0,0,0,13.2,8,75.8,0.7,0,0,0,0,false,50.0%
Wilkes,2020,287,12,68198,4.20833455526555,2972,4637,59602,987,0,0,0,0,4.3,6.8,86.9,1.2,0,0,0,0,true,100.0%
Wilkes,2021,301,12,67436,4.463491310279376,2983,4728,59331,394,0,0,0,0,4.4,6.9,86.7,0.6,0,0,0,0,true,100.0%
Wilkes,2022,377,12,67035,5.623927798911017,2901,4694,59049,391,0,0,0,0,4.3,6.9,86.8,0.6,0,0,0,0,true,100.0%
Wilkes,2023,157,6,64771,2.4239242871037967,2873,4648,56841,409,0,0,0,0,4.4,7.1,86.4,0.6,0,0,0,0,false,50.0%
Columbus,2020,205,12,55934,3.665033789823721,16698,3038,32976,3222,0,0,0,0,30,5.5,59.3,3.1,0,0,0,0,true,100.0%
Columbus,2021,202,12,52874,3.820403222755986,16668,3094,32809,303,0,0,0,0,30,5.6,59.1,0.5,0,0,0,0,true,100.0%
Columbus,2022,305,12,52144,5.849186867137158,16253,3176,32423,292,0,0,0,0,29.7,5.8,59.2,0.5,0,0,0,0,true,100.0%
Columbus,2023,124,6,47517,2.6095923564198076,14819,3007,29383,308,0,0,0,0,29.6,6,58.7,0.6,0,0,0,0,false,50.0%
Surry,2020,264,12,70659,3.7362544049590287,2632,7764,60163,100,0,0,0,0,3.7,10.8,83.6,0.7,0,0,0,0,true,100.0%
Surry,2021,319,12,70930,4.4973917947271955,2658,7963,59744,565,0,0,0,0,3.7,11.1,83.2,0.8,0,0,0,0,true,100.0%
Surry,2022,347,12,70816,4.90002259376412,2655,8198,59396,567,0,0,0,0,3.7,11.4,82.9,0.8,0,0,0,0,true,100.0%
Surry,2023,157,6,70250,2.2348754448398576,2655,8426,58586,583,0,0,0,0,3.7,11.8,82.3,0.8,0,0,0,0,false,50.0%
Stanly,2020,251,11,59912,4.189477900921351,6967,2710,50047,188,0,0,0,0,11.2,4.4,80.6,0.4,0,0,0,0,false,91.7%
Stanly,2021,202,12,61760,3.2707253886010363,6925,2786,50778,1271,0,0,0,0,11,4.4,80.8,2,0,0,0,0,true,100.0%
Stanly,2022,318,12,62197,5.112786790359664,7000,2929,51029,1239,0,0,0,0,11.1,4.6,80.7,2,0,0,0,0,true,100.0%
Stanly,2023,143,6,62332,2.2941667201437466,7175,3098,50802,1257,0,0,0,0,11.3,4.9,80.1,2,0,0,0,0,false,50.0%
Northampton,2020,64,10,23569,2.7154312868598582,11189,451,7647,4282,0,0,0,0,56.9,2.3,38.9,2.2,0,0,0,0,false,83.3%
Northampton,2021,41,11,19149,2.141103974097864,11025,513,7552,59,0,0,0,0,56.6,2.6,38.8,0.3,0,0,0,0,false,91.7%
Northampton,2022,116,12,18744,6.188647033717456,10765,504,7415,60,0,0,0,0,56.4,2.6,38.8,0.3,0,0,0,0,true,100.0%
Northampton,2023,95,6,16787,5.659141001965807,9602,444,6679,62,0,0,0,0,56.1,2.6,39,0.4,0,0,0,0,false,50.0%
Haywood,2020,302,12,62142,4.859837147179041,764,2518,57340,1520,0,0,0,0,1.2,4.1,92.5,1.3,0,0,0,0,true,100.0%
Haywood,2021,303,12,61259,4.946211985177689,784,2672,57428,375,0,0,0,0,1.3,4.3,92.2,0.6,0,0,0,0,true,100.0%
Haywood,2022,331,12,61848,5.351830293623076,765,2806,57819,458,0,0,0,0,1.2,4.5,91.8,0.7,0,0,0,0,true,100.0%
Haywood,2023,162,6,61266,2.6442072274997552,818,2878,57129,441,0,0,0,0,1.3,4.6,91.4,0.7,0,0,0,0,false,50.0%
Bladen,2020,166,12,32959,5.036560575260172,11122,2574,18180,1083,0,0,0,0,33.5,7.8,54.8,0.8,0,0,0,0,true,100.0%
Bladen,2021,195,12,31517,6.187137100612368,10891,2538,17979,109,0,0,0,0,33.3,7.8,54.9,0.3,0,0,0,0,true,100.0%
Bladen,2022,283,12,31648,8.94211324570273,10861,2565,18089,133,0,0,0,0,33,7.8,55,0.4,0,0,0,0,true,100.0%
Bladen,2023,118,6,28291,4.170937754056061,9593,2435,16113,150,0,0,0,0,32.5,8.2,54.6,0.5,0,0,0,0,false,50.0%
Carteret,2020,200,11,67054,2.9826706833298533,3817,2965,60138,134,0,0,0,0,5.5,4.3,86.5,0.6,0,0,0,0,false,91.7%
Carteret,2021,267,12,67785,3.938924540827617,3728,3067,60113,877,0,0,0,0,5.4,4.4,86.5,1.3,0,0,0,0,true,100.0%
Carteret,2022,308,12,67802,4.542638860210613,3619,3140,60208,835,0,0,0,0,5.2,4.5,86.6,1.2,0,0,0,0,true,100.0%
Carteret,2023,134,6,66765,2.007039616565566,3469,3215,59265,816,0,0,0,0,5.1,4.7,86.5,1.2,0,0,0,0,false,50.0%
Jackson,2020,149,12,40411,3.6871148944594294,914,2543,35122,1832,0,0,0,0,2.1,5.9,81.1,0.9,0,0,0,0,true,100.0%
Jackson,2021,177,12,39595,4.47026139664099,936,2746,35433,480,0,0,0,0,2.1,6.2,80.6,1.1,0,0,0,0,true,100.0%
Jackson,2022,217,12,39763,5.457334708145764,934,2783,35531,515,0,0,0,0,2.1,6.3,80.7,1.2,0,0,0,0,true,100.0%
Jackson,2023,120,6,39062,3.0720393221033233,940,2847,34738,537,0,0,0,0,2.2,6.6,80,1.2,0,0,0,0,false,50.0%
Washington,2020,74,12,12299,6.016749329213757,5684,693,5257,665,0,0,0,0,47.9,5.8,44.3,1.2,0,0,0,0,true,100.0%
Washington,2021,39,12,11389,3.424356835543068,5569,653,5120,47,0,0,0,0,48.1,5.6,44.2,0.4,0,0,0,0,true,100.0%
Washington,2022,112,12,11266,9.941416651872892,5487,691,5037,51,0,0,0,0,47.8,6,43.9,0.4,0,0,0,0,true,100.0%
Washington,2023,72,6,10681,6.740941859376463,5163,673,4796,49,0,0,0,0,47.4,6.2,44,0.4,0,0,0,0,false,50.0%
Alexander,2020,110,12,36375,3.0240549828178698,2145,1801,32336,93,0,0,0,0,5.7,4.8,86.6,0.8,0,0,0,0,true,100.0%
Alexander,2021,132,12,36803,3.586664130641524,2138,1788,32492,385,0,0,0,0,5.7,4.8,86.7,1,0,0,0,0,true,100.0%
Alexander,2022,143,12,36791,3.8868201462314156,2140,1846,32413,392,0,0,0,0,5.7,4.9,86.6,1,0,0,0,0,true,100.0%
Alexander,2023,75,6,35942,2.086695231205832,2142,1910,31466,424,0,0,0,0,5.8,5.2,85.9,1.2,0,0,0,0,false,50.0%
Cherokee,2020,110,12,27279,4.032405879980939,414,936,25816,113,0,0,0,0,1.5,3.3,91,0.8,0,0,0,0,true,100.0%
Cherokee,2021,130,12,27593,4.711339832566231,396,937,26057,203,0,0,0,0,1.4,3.3,91.1,0.7,0,0,0,0,true,100.0%
Cherokee,2022,120,12,28026,4.281738385784628,418,1059,26336,213,0,0,0,0,1.4,3.6,90.6,0.7,0,0,0,0,true,100.0%
Cherokee,2023,60,6,28084,2.1364477994587667,440,1109,26327,208,0,0,0,0,1.5,3.8,90.3,0.7,0,0,0,0,false,50.0%
Hertford,2020,118,11,23785,4.961109943241539,14256,909,7808,812,0,0,0,0,60.3,3.8,33,1.5,0,0,0,0,false,91.7%
Hertford,2021,96,12,23167,4.14382526870117,14267,982,7738,180,0,0,0,0,60.3,4.1,32.7,0.8,0,0,0,0,true,100.0%
Hertford,2022,164,12,22597,7.2576005664468735,13885,885,7612,215,0,0,0,0,60.1,3.8,32.9,0.9,0,0,0,0,true,100.0%
Hertford,2023,97,6,20761,4.672221954626463,12741,849,6953,218,0,0,0,0,59.9,4,32.7,1,0,0,0,0,false,50.0%
Watauga,2020,111,12,55984,1.9827093455272935,964,2097,51263,1660,0,0,0,0,1.7,3.7,91.6,1.3,0,0,0,0,true,100.0%
Watauga,2021,109,12,55183,1.9752459996738125,922,2261,51352,648,0,0,0,0,1.6,4,91.4,1.2,0,0,0,0,true,100.0%
Watauga,2022,146,12,55468,2.632148265666691,948,2289,51532,699,0,0,0,0,1.7,4.1,91.3,1.2,0,0,0,0,true,100.0%
Watauga,2023,75,6,53265,1.4080540692762602,956,2246,49387,676,0,0,0,0,1.8,4.1,91.1,1.2,0,0,0,0,false,50.0%
Caswell,2020,49,11,29060,1.686166551961459,7245,944,13876,6995,0,0,0,0,31.9,4.2,61.1,4.4,0,0,0,0,false,91.7%
Caswell,2021,75,12,22126,3.389677302720781,7177,1035,13783,131,0,0,0,0,31.8,4.6,61,0.6,0,0,0,0,true,100.0%
Caswell,2022,86,12,21972,3.9140724558529034,7130,1049,13649,144,0,0,0,0,31.8,4.7,60.8,0.6,0,0,0,0,true,100.0%
Caswell,2023,49,6,22228,2.2044268490192547,7134,1113,13828,153,0,0,0,0,31.4,4.9,60.9,0.7,0,0,0,0,false,50.0%
Yadkin,2020,126,12,36989,3.4064181243072262,1156,4192,31583,58,0,0,0,0,3.1,11.2,84.1,0.3,0,0,0,0,true,100.0%
Yadkin,2021,118,12,37232,3.1693167168027503,1143,4338,31578,173,0,0,0,0,3,11.5,83.8,0.5,0,0,0,0,true,100.0%
Yadkin,2022,165,12,37177,4.438227936627485,1147,4322,31496,212,0,0,0,0,3,11.5,83.7,0.6,0,0,0,0,true,100.0%
Yadkin,2023,56,6,36734,1.5244732400500898,1167,4412,30953,202,0,0,0,0,3.1,11.9,83.2,0.5,0,0,0,0,false,50.0%
Chowan,2020,52,11,13730,3.7873270211216314,4769,518,8403,40,0,0,0,0,34,3.7,59.9,0.4,0,0,0,0,false,91.7%
Chowan,2021,45,12,13706,3.283233620312272,4725,522,8343,116,0,0,0,0,33.9,3.7,59.8,0.8,0,0,0,0,true,100.0%
Chowan,2022,72,12,13582,5.301133853629804,4653,496,8319,114,0,0,0,0,33.7,3.6,60.2,0.8,0,0,0,0,true,100.0%
Chowan,2023,28,6,13467,2.0791564565233536,4537,529,8293,108,0,0,0,0,33.1,3.9,60.4,0.8,0,0,0,0,false,50.0%
Transylvania,2020,97,12,33347,2.9088073889705224,1198,1184,30875,90,0,0,0,0,3.5,3.5,90.2,2.2,0,0,0,0,true,100.0%
Transylvania,2021,104,12,33634,3.0921091752393415,1166,1168,31076,224,0,0,0,0,3.4,3.4,90.4,0.7,0,0,0,0,true,100.0%
Transylvania,2022,125,12,33714,3.707658539479148,1175,1186,31132,221,0,0,0,0,3.4,3.4,90.2,0.6,0,0,0,0,true,100.0%
Transylvania,2023,61,6,32354,1.8853928416888175,1105,1191,29837,221,0,0,0,0,3.3,3.6,90,0.7,0,0,0,0,false,50.0%
Davie,2020,105,11,42023,2.4986317016871715,2668,2995,35911,449,0,0,0,0,6.2,7,84,0.8,0,0,0,0,false,91.7%
Davie,2021,135,12,42046,3.210769157589307,2631,3107,35942,366,0,0,0,0,6.1,7.3,83.9,0.9,0,0,0,0,true,100.0%
Davie,2022,205,12,42462,4.827846074136875,2712,3178,36173,399,0,0,0,0,6.3,7.3,83.6,0.9,0,0,0,0,true,100.0%
Davie,2023,74,6,42680,1.7338331771321462,2776,3337,36158,409,0,0,0,0,6.4,7.7,83.1,0.9,0,0,0,0,false,50.0%
Stokes,2020,113,12,45116,2.5046546679670185,1744,1396,41454,522,0,0,0,0,3.8,3.1,91.2,0.7,0,0,0,0,true,100.0%
Stokes,2021,113,12,44904,2.516479600926421,1775,1507,41434,188,0,0,0,0,3.9,3.3,90.9,0.4,0,0,0,0,true,100.0%
Stokes,2022,126,12,45007,2.799564512186993,1783,1586,41445,193,0,0,0,0,3.9,3.5,90.6,0.4,0,0,0,0,true,100.0%
Stokes,2023,76,6,43799,1.735199433777027,1807,1627,40174,191,0,0,0,0,4.1,3.7,90.2,0.4,0,0,0,0,false,50.0%
Currituck,2020,78,12,26502,2.9431741000679192,1498,1073,23641,290,0,0,0,0,5.5,4,87.3,0.8,0,0,0,0,true,100.0%
Currituck,2021,57,12,27088,2.1042528056704075,1509,1212,24136,231,0,0,0,0,5.4,4.4,86.9,0.8,0,0,0,0,true,100.0%
Currituck,2022,89,12,28303,3.144542981309402,1572,1325,25143,263,0,0,0,0,5.4,4.6,86.5,0.9,0,0,0,0,true,100.0%
Currituck,2023,56,6,28845,1.9414109897729241,1591,1519,25400,335,0,0,0,0,5.4,5.1,85.7,1.1,0,0,0,0,false,50.0%
Greene,2020,59,12,49211,1.1989189408871999,7500,3264,9825,28622,0,0,0,0,35.7,15.5,46.8,5.4,0,0,0,0,true,100.0%
Greene,2021,50,12,20767,2.407666008571291,7517,3308,9820,122,0,0,0,0,35.7,15.7,46.6,0.6,0,0,0,0,true,100.0%
Greene,2022,111,12,20607,5.386519143980201,7385,3310,9788,124,0,0,0,0,35.3,15.8,46.8,0.6,0,0,0,0,true,100.0%
Greene,2023,47,6,20113,2.3367970964053097,7227,3322,9428,136,0,0,0,0,35.4,16.3,46.2,0.7,0,0,0,0,false,50.0%
Montgomery,2020,111,12,27953,3.9709512395807245,4992,4209,17204,1548,0,0,0,0,18.3,15.4,63.1,1.6,0,0,0,0,true,100.0%
Montgomery,2021,79,12,26729,2.955591305323806,4965,4231,17093,440,0,0,0,0,18.3,15.6,62.9,1.6,0,0,0,0,true,100.0%
Montgomery,2022,158,12,26782,5.899484728549026,4910,4263,17152,457,0,0,0,0,18,15.7,63,1.7,0,0,0,0,true,100.0%
Montgomery,2023,76,6,25340,2.999210734017364,4581,4095,16206,458,0,0,0,0,17.8,15.9,62.8,1.8,0,0,0,0,false,50.0%
Clay,2020,32,12,11890,2.6913372582001682,128,405,10344,1013,0,0,0,0,1.1,3.6,92.9,1,0,0,0,0,true,100.0%
Clay,2021,41,12,11001,3.7269339150986274,128,434,10389,50,0,0,0,0,1.1,3.9,92.5,0.4,0,0,0,0,true,100.0%
Clay,2022,63,12,11269,5.590558168426657,128,418,10673,50,0,0,0,0,1.1,3.6,92.8,0.4,0,0,0,0,true,100.0%
Clay,2023,26,6,11045,2.3540063377093707,140,420,10439,46,0,0,0,0,1.2,3.7,92.3,0.4,0,0,0,0,false,50.0%
Graham,2020,32,11,8059,3.9707159697232908,37,319,7292,411,0,0,0,0,0.4,3.8,86,0.7,0,0,0,0,false,91.7%
Graham,2021,28,10,7667,3.652015129776966,36,316,7269,46,0,0,0,0,0.4,3.7,86.1,0.5,0,0,0,0,false,83.3%
Graham,2022,35,11,7675,4.560260586319218,42,317,7265,51,0,0,0,0,0.5,3.7,85.7,0.6,0,0,0,0,false,91.7%
Graham,2023,23,6,7240,3.1767955801104977,49,329,6809,53,0,0,0,0,0.6,4.1,84.7,0.7,0,0,0,0,false,50.0%
Mitchell,2020,41,10,15140,2.7080581241743724,69,870,13768,433,0,0,0,0,0.5,5.8,91.8,1.6,0,0,0,0,false,83.3%
Mitchell,2021,34,11,14752,2.304772234273319,85,923,13638,106,0,0,0,0,0.6,6.2,91.1,0.7,0,0,0,0,false,91.7%
Mitchell,2022,60,11,14679,4.087471898630698,97,877,13604,101,0,0,0,0,0.7,5.9,91.4,0.7,0,0,0,0,false,91.7%
Mitchell,2023,18,6,14740,1.2211668928086838,108,961,13568,103,0,0,0,0,0.7,6.4,90.7,0.7,0,0,0,0,false,50.0%
Dare,2020,110,12,38222,2.8779237088587726,882,2666,31945,2729,0,0,0,0,2.4,7.3,87.5,1.6,0,0,0,0,true,100.0%
Dare,2021,154,12,36284,4.244295006063279,914,2861,32183,326,0,0,0,0,2.5,7.7,87,0.9,0,0,0,0,true,100.0%
Dare,2022,100,12,36789,2.7182038109217426,927,2827,32699,336,0,0,0,0,2.5,7.5,87.1,0.9,0,0,0,0,true,100.0%
Dare,2023,42,6,37060,1.1332973556395034,929,2877,32889,365,0,0,0,0,2.5,7.6,86.9,1,0,0,0,0,false,50.0%
Bertie,2020,70,10,18701,3.743115341425592,11554,426,6605,116,0,0,0,0,60.7,2.2,34.7,0.3,0,0,0,0,false,83.3%
Bertie,2021,59,11,18652,3.163199656873257,11493,446,6568,145,0,0,0,0,60.7,2.4,34.7,0.8,0,0,0,0,false,91.7%
Bertie,2022,102,12,18413,5.539564438168685,11398,424,6462,129,0,0,0,0,60.9,2.3,34.5,0.7,0,0,0,0,true,100.0%
Bertie,2023,49,6,17192,2.8501628664495113,10582,428,6039,143,0,0,0,0,60.5,2.4,34.5,0.8,0,0,0,0,false,50.0%
Yancey,2020,28,9,17626,1.5885623510722795,152,976,16498,0,0,0,0,0,0.8,5.5,92.2,0,0,0,0,0,false,75.0%
Yancey,2021,34,11,17834,1.906470786138836,160,998,16619,57,0,0,0,0,0.9,5.5,92,0.3,0,0,0,0,false,91.7%
Yancey,2022,45,11,17860,2.5195968645016795,160,966,16670,64,0,0,0,0,0.9,5.3,92.1,0.4,0,0,0,0,false,91.7%
Yancey,2023,23,6,18485,1.2442520962942927,160,1032,17229,64,0,0,0,0,0.9,5.5,91.9,0.3,0,0,0,0,false,50.0%
Perquimans,2020,50,12,13281,3.7647767487387997,3055,354,9696,176,0,0,0,0,22.8,2.6,72.2,0.4,0,0,0,0,true,100.0%
Perquimans,2021,32,11,13224,2.419842710223836,3013,370,9772,69,0,0,0,0,22.4,2.7,72.6,0.5,0,0,0,0,false,91.7%
Perquimans,2022,60,12,13416,4.472271914132379,2994,405,9943,74,0,0,0,0,21.9,3,72.8,0.5,0,0,0,0,true,100.0%
Perquimans,2023,25,6,12856,1.9446172993154947,2816,444,9518,78,0,0,0,0,21.4,3.4,72.5,0.6,0,0,0,0,false,50.0%
Macon,2020,116,11,34505,3.3618316186059993,452,2541,31403,109,0,0,0,0,1.3,7.2,89,0.5,0,0,0,0,false,91.7%
Macon,2021,134,12,35289,3.797217263169826,486,2641,31786,376,0,0,0,0,1.4,7.4,88.6,1,0,0,0,0,true,100.0%
Macon,2022,183,12,35441,5.163511187607574,508,2742,31791,400,0,0,0,0,1.4,7.6,88.3,1.1,0,0,0,0,true,100.0%
Macon,2023,59,6,36976,1.5956295975768064,537,3007,33030,402,0,0,0,0,1.4,8,87.9,1.1,0,0,0,0,false,50.0%
Ashe,2020,76,11,26704,2.846015578190533,201,1406,25000,97,0,0,0,0,0.7,5.2,92.2,0.6,0,0,0,0,false,91.7%
Ashe,2021,60,12,26837,2.2357193426985136,204,1390,25105,138,0,0,0,0,0.7,5.1,92.3,0.5,0,0,0,0,true,100.0%
Ashe,2022,81,12,26801,3.0222752882355137,204,1396,25067,134,0,0,0,0,0.8,5.1,92.3,0.5,0,0,0,0,true,100.0%
Ashe,2023,25,6,26324,0.9497036924479563,228,1460,24505,131,0,0,0,0,0.9,5.5,91.7,0.5,0,0,0,0,false,50.0%
Pamlico,2020,25,11,12948,1.9308001235712078,2382,522,9408,636,0,0,0,0,18.8,4.1,74.3,1.6,0,0,0,0,false,91.7%
Pamlico,2021,21,10,12420,1.6908212560386475,2357,542,9445,76,0,0,0,0,18.5,4.3,74.2,0.6,0,0,0,0,false,83.3%
Pamlico,2022,36,12,12400,2.903225806451613,2320,540,9457,83,0,0,0,0,18.2,4.2,74.4,0.7,0,0,0,0,true,100.0%
Pamlico,2023,14,5,12035,1.1632737847943497,2269,565,9121,80,0,0,0,0,18.4,4.6,73.9,0.6,0,0,0,0,false,41.7%
Avery,2020,25,9,17424,1.4348025711662074,773,909,15484,258,0,0,0,0,4.4,5.2,88.5,0.5,0,0,0,0,false,75.0%
Avery,2021,38,11,17325,2.1933621933621934,788,887,15543,107,0,0,0,0,4.5,5.1,88.5,0.6,0,0,0,0,false,91.7%
Avery,2022,25,11,17320,1.443418013856813,787,877,15541,115,0,0,0,0,4.5,5,88.4,0.7,0,0,0,0,false,91.7%
Avery,2023,22,6,17601,1.2499289813078802,842,937,15698,124,0,0,0,0,4.7,5.2,87.9,0.7,0,0,0,0,false,50.0%
Swain,2020,33,11,9909,3.330305782621859,152,790,8736,231,0,0,0,0,1.1,5.5,61.3,0.7,0,0,0,0,false,91.7%
Swain,2021,38,12,9742,3.90063641962636,156,822,8662,102,0,0,0,0,1.1,5.8,60.7,0.7,0,0,0,0,true,100.0%
Swain,2022,45,12,9721,4.629153379281966,161,924,8532,104,0,0,0,0,1.1,6.5,60.2,0.7,0,0,0,0,true,100.0%
Swain,2023,21,5,9533,2.2028742263715513,175,961,8286,111,0,0,0,0,1.2,6.8,58.6,0.8,0,0,0,0,false,41.7%
Polk,2020,43,12,22301,1.9281646562934398,859,1248,18066,2128,0,0,0,0,4.2,6.1,87.7,1.5,0,0,0,0,true,100.0%
Polk,2021,43,11,20417,2.106088063868345,840,1223,18180,174,0,0,0,0,4.1,5.9,87.7,0.8,0,0,0,0,false,91.7%
Polk,2022,51,11,20697,2.464125235541383,814,1237,18450,196,0,0,0,0,3.9,5.9,87.7,0.9,0,0,0,0,false,91.7%
Polk,2023,20,6,19312,1.035625517812759,777,1155,17189,191,0,0,0,0,4,5.9,87.4,1,0,0,0,0,false,50.0%
Camden,2020,20,9,11070,1.8066847335140017,1243,317,8599,911,0,0,0,0,11.6,3,80.3,1.3,0,0,0,0,false,75.0%
Camden,2021,13,8,10521,1.2356239901150081,1212,327,8749,233,0,0,0,0,11.2,3,80.5,2.1,0,0,0,0,false,66.7%
Camden,2022,20,10,10635,1.8805829807240244,1158,362,8912,203,0,0,0,0,10.5,3.3,81.1,1.8,0,0,0,0,false,83.3%
Camden,2023,14,6,10462,1.3381762569298412,1136,412,8710,204,0,0,0,0,10.5,3.8,80.4,1.9,0,0,0,0,false,50.0%
Alleghany,2020,52,11,11292,4.605030109812256,174,1109,9643,366,0,0,0,0,1.6,9.9,86.4,1.5,0,0,0,0,false,91.7%
Alleghany,2021,30,12,11007,2.7255382938130284,162,1097,9659,89,0,0,0,0,1.5,9.9,86.7,0.8,0,0,0,0,true,100.0%
Alleghany,2022,35,10,11051,3.167134196000362,171,1097,9694,89,0,0,0,0,1.5,9.8,86.6,0.8,0,0,0,0,false,83.3%
Alleghany,2023,14,6,10905,1.2838147638697845,175,1125,9517,88,0,0,0,0,1.6,10.2,86.1,0.8,0,0,0,0,false,50.0%
Gates,2020,16,7,11279,1.4185654756627362,3586,263,7383,47,0,0,0,0,31,2.3,63.8,0.6,0,0,0,0,false,58.3%
Gates,2021,15,9,11242,1.3342821561999645,3578,276,7352,36,0,0,0,0,30.9,2.4,63.6,0.3,0,0,0,0,false,75.0%
Gates,2022,18,10,11144,1.615218951902369,3527,283,7292,42,0,0,0,0,30.8,2.5,63.6,0.4,0,0,0,0,false,83.3%
Gates,2023,10,6,10022,0.9978048293753741,3130,249,6597,46,0,0,0,0,30.2,2.4,63.6,0.4,0,0,0,0,false,50.0%
Tyrrell,2020,11,7,11859,0.9275655620204064,1540,372,2044,7903,0,0,0,0,37.3,9,49.5,3.4,0,0,0,0,false,58.3%
Tyrrell,2021,12,6,3925,3.057324840764331,1498,376,1973,78,0,0,0,0,37.3,9.4,49.1,1.9,0,0,0,0,false,50.0%
Tyrrell,2022,9,4,3678,2.446982055464926,1280,390,1941,67,0,0,0,0,33.9,10.3,51.4,1.8,0,0,0,0,false,33.3%
Tyrrell,2023,14,6,3156,4.435994930291509,1074,342,1679,61,0,0,0,0,33,10.5,51.6,1.9,0,0,0,0,false,50.0%
Madison,2020,44,10,21397,2.0563630415478804,312,526,20432,127,0,0,0,0,1.4,2.4,93.9,0.6,0,0,0,0,false,83.3%
Madison,2021,49,12,21376,2.2922904191616764,298,532,20435,111,0,0,0,0,1.4,2.4,93.9,0.5,0,0,0,0,true,100.0%
Madison,2022,38,11,21351,1.779776122898225,285,558,20391,117,0,0,0,0,1.3,2.6,93.8,0.5,0,0,0,0,false,91.7%
Madison,2023,28,6,21087,1.3278323137478067,293,590,20079,125,0,0,0,0,1.4,2.7,93.4,0.6,0,0,0,0,false,50.0%
Hyde,2020,8,7,9938,0.8049909438518816,1488,479,3135,4836,0,0,0,0,28.5,9.2,59.9,2.7,0,0,0,0,false,58.3%
Hyde,2021,6,5,4862,1.2340600575894694,1292,485,3052,33,0,0,0,0,26.2,9.8,61.8,0.7,0,0,0,0,false,41.7%
Hyde,2022,9,7,4768,1.8875838926174497,1284,487,2956,41,0,0,0,0,26.5,10.1,61,0.8,0,0,0,0,false,58.3%
Hyde,2023,6,3,4429,1.3547076089410701,1193,462,2735,39,0,0,0,0,26.5,10.2,60.7,0.9,0,0,0,0,false,25.0%
Jones,2020,35,10,10222,3.423987477988652,2864,493,5988,877,0,0,0,0,29.7,5.1,62.1,1.4,0,0,0,0,false,83.3%
Jones,2021,18,9,9182,1.960357220649096,2720,484,5926,52,0,0,0,0,28.9,5.1,62.9,0.6,0,0,0,0,false,75.0%
Jones,2022,50,11,9012,5.548158011540169,2639,524,5790,59,0,0,0,0,28.5,5.7,62.6,0.6,0,0,0,0,false,91.7%
Jones,2023,33,5,8998,3.667481662591687,2665,546,5725,62,0,0,0,0,28.8,5.9,61.9,0.7,0,0,0,0,false,41.7%